COMMIT_URL,HTML_COMMIT_URL
https://api.github.com/repos/0xjac/ERC777/commits/d800b39446e34adbb0b429b1d7c8ffba71f18b7b,https://github.com/0xjac/ERC777/commit/d800b39446e34adbb0b429b1d7c8ffba71f18b7b
https://api.github.com/repos/5to6/5to6-codemod/commits/03a26108cb1de6d0cdda12291cf6e9ebbfc1e0b4,https://github.com/5to6/5to6-codemod/commit/03a26108cb1de6d0cdda12291cf6e9ebbfc1e0b4
https://api.github.com/repos/accessibilitysupported/a11ysupport.io/commits/720dcad8526486c9804667e33c8ed7b2eba98bdb,https://github.com/accessibilitysupported/a11ysupport.io/commit/720dcad8526486c9804667e33c8ed7b2eba98bdb
https://api.github.com/repos/AlecAivazis/redux-responsive/commits/8caaa7e02d3fc44a893f8ec58249d31cd5215c0a,https://github.com/AlecAivazis/redux-responsive/commit/8caaa7e02d3fc44a893f8ec58249d31cd5215c0a
https://api.github.com/repos/all-contributors/all-contributors-cli/commits/190813c61e98cf5c91a09c77501840c2be2ab712,https://github.com/all-contributors/all-contributors-cli/commit/190813c61e98cf5c91a09c77501840c2be2ab712
https://api.github.com/repos/amino/amino/commits/f5312c00161305129b693ae3f8187fb4a354add4,https://github.com/amino/amino/commit/f5312c00161305129b693ae3f8187fb4a354add4
https://api.github.com/repos/anshooarora/extentx/commits/e0c999dcaca89d7a4a7c184a7e78bcedbf793950,https://github.com/anshooarora/extentx/commit/e0c999dcaca89d7a4a7c184a7e78bcedbf793950
https://api.github.com/repos/anthonynosek/sprint-reader-chrome/commits/ba1f3aef607a150889b2f9572c63fea75fceb27b,https://github.com/anthonynosek/sprint-reader-chrome/commit/ba1f3aef607a150889b2f9572c63fea75fceb27b
https://api.github.com/repos/apache/cordova-node-xcode/commits/0e0386ad7ddd90acfafd6b8d391f3943dc687ede,https://github.com/apache/cordova-node-xcode/commit/0e0386ad7ddd90acfafd6b8d391f3943dc687ede
https://api.github.com/repos/apache/cordova-plugin-whitelist/commits/e4f17b09ed71586a94f3f0e9103b8d24d0be741a,https://github.com/apache/cordova-plugin-whitelist/commit/e4f17b09ed71586a94f3f0e9103b8d24d0be741a
https://api.github.com/repos/apigee-127/swagger-test-templates/commits/232a50eb7edc00c33c73f59e64eb1b7bb829cf3f,https://github.com/apigee-127/swagger-test-templates/commit/232a50eb7edc00c33c73f59e64eb1b7bb829cf3f
https://api.github.com/repos/apigee-127/swagger-test-templates/commits/dc6036d946ae4a231e47c09cb4d6f193458f5531,https://github.com/apigee-127/swagger-test-templates/commit/dc6036d946ae4a231e47c09cb4d6f193458f5531
https://api.github.com/repos/arboleya/coffee-toaster/commits/09f422cdaf27798544aff4543b50b6095bc44542,https://github.com/arboleya/coffee-toaster/commit/09f422cdaf27798544aff4543b50b6095bc44542
https://api.github.com/repos/atom/etch/commits/010c47e6d84c4ffe0673a04e80f62a41a0328676,https://github.com/atom/etch/commit/010c47e6d84c4ffe0673a04e80f62a41a0328676
https://api.github.com/repos/atom/git-utils/commits/c15904da1de721c296187f299647d05335da5ed0,https://github.com/atom/git-utils/commit/c15904da1de721c296187f299647d05335da5ed0
https://api.github.com/repos/atom/snippets/commits/5293428e656173eb71f63fa54fe599bf7bc75517,https://github.com/atom/snippets/commit/5293428e656173eb71f63fa54fe599bf7bc75517
https://api.github.com/repos/atom/sort-lines/commits/793626e40799fae1a347cf8aa7b640478c31c5f0,https://github.com/atom/sort-lines/commit/793626e40799fae1a347cf8aa7b640478c31c5f0
https://api.github.com/repos/ausi/cq-prolyfill/commits/dbcc062a14e51ccd7837b5e795647741d3184c9b,https://github.com/ausi/cq-prolyfill/commit/dbcc062a14e51ccd7837b5e795647741d3184c9b
https://api.github.com/repos/autoNumeric/autoNumeric/commits/a87dd7ae2f7fe150c1ab2427d9b0bcc462b789ca,https://github.com/autoNumeric/autoNumeric/commit/a87dd7ae2f7fe150c1ab2427d9b0bcc462b789ca
https://api.github.com/repos/balderdashy/sails.io.js/commits/5c974b6b703562584a2780cb78a5d8aa96f98011,https://github.com/balderdashy/sails.io.js/commit/5c974b6b703562584a2780cb78a5d8aa96f98011
https://api.github.com/repos/balderdashy/waterline/commits/969ec2b5184933fa69d9a5376b01cba9e8da22f3,https://github.com/balderdashy/waterline/commit/969ec2b5184933fa69d9a5376b01cba9e8da22f3
https://api.github.com/repos/balderdashy/waterline/commits/cfc141b34902434bc79f27a14cc86ba5b04e0a01,https://github.com/balderdashy/waterline/commit/cfc141b34902434bc79f27a14cc86ba5b04e0a01
https://api.github.com/repos/balderdashy/waterline/commits/dc47820e171745e80fe0f154af2104fdd1d632b5,https://github.com/balderdashy/waterline/commit/dc47820e171745e80fe0f154af2104fdd1d632b5
https://api.github.com/repos/bbc/peaks.js/commits/f829b6e72eb07cc9e1e5214f9bf5fae617c33557,https://github.com/bbc/peaks.js/commit/f829b6e72eb07cc9e1e5214f9bf5fae617c33557
https://api.github.com/repos/benface/tailwindcss-filters/commits/b9a419553011652d95c6734bf8d05f03c8cb9483,https://github.com/benface/tailwindcss-filters/commit/b9a419553011652d95c6734bf8d05f03c8cb9483
https://api.github.com/repos/benjamn/reify/commits/adfc8d761838d961a9abc0be4f6d178a3be71ca2,https://github.com/benjamn/reify/commit/adfc8d761838d961a9abc0be4f6d178a3be71ca2
https://api.github.com/repos/bespokejs/bespoke/commits/ea420418bf3f9ac00e2a1578c0f4c8622781ab4b,https://github.com/bespokejs/bespoke/commit/ea420418bf3f9ac00e2a1578c0f4c8622781ab4b
https://api.github.com/repos/blakehaswell/mongoose-unique-validator/commits/0c639c838c8f0acba71cae00b0e04aed997a9b0b,https://github.com/blakehaswell/mongoose-unique-validator/commit/0c639c838c8f0acba71cae00b0e04aed997a9b0b
https://api.github.com/repos/Blizzard/node-rdkafka/commits/5a15a6c19df5e7e5dd1778305df1aeed60bf36b1,https://github.com/Blizzard/node-rdkafka/commit/5a15a6c19df5e7e5dd1778305df1aeed60bf36b1
https://api.github.com/repos/borodean/postcss-assets/commits/5c67d3b11b4c53d14705fb8ecd6beae4bd289689,https://github.com/borodean/postcss-assets/commit/5c67d3b11b4c53d14705fb8ecd6beae4bd289689
https://api.github.com/repos/borodean/postcss-assets/commits/8070c9f13209b80b1881fc83de027b3895656046,https://github.com/borodean/postcss-assets/commit/8070c9f13209b80b1881fc83de027b3895656046
https://api.github.com/repos/breejs/bree/commits/a8f7b13bd33c2f0a982ae28ec27278877fcdf829,https://github.com/breejs/bree/commit/a8f7b13bd33c2f0a982ae28ec27278877fcdf829
https://api.github.com/repos/breejs/bree/commits/b06a2f5e1d5984bb9430a0f4015e8e4bc80f95ea,https://github.com/breejs/bree/commit/b06a2f5e1d5984bb9430a0f4015e8e4bc80f95ea
https://api.github.com/repos/brehaut/color-js/commits/5dfcbaaf54bf329427be0c59a9aac6ebc0f8e874,https://github.com/brehaut/color-js/commit/5dfcbaaf54bf329427be0c59a9aac6ebc0f8e874
https://api.github.com/repos/brenden/node-webshot/commits/a66d9bbe1da7243d4d56b3b72fbef7bd983b8912,https://github.com/brenden/node-webshot/commit/a66d9bbe1da7243d4d56b3b72fbef7bd983b8912
https://api.github.com/repos/BRIKEV/express-jsdoc-swagger/commits/302647d3e2e54dce9d4f4cc80042dfa805330902,https://github.com/BRIKEV/express-jsdoc-swagger/commit/302647d3e2e54dce9d4f4cc80042dfa805330902
https://api.github.com/repos/BRIKEV/express-jsdoc-swagger/commits/e0fca35c7b19f0bad9dbfff02331c38177d0b564,https://github.com/BRIKEV/express-jsdoc-swagger/commit/e0fca35c7b19f0bad9dbfff02331c38177d0b564
https://api.github.com/repos/britecharts/britecharts/commits/c8c79f12cb9b6bc24b2f8b14b255324aab9bfcbe,https://github.com/britecharts/britecharts/commit/c8c79f12cb9b6bc24b2f8b14b255324aab9bfcbe
https://api.github.com/repos/britecharts/britecharts/commits/dbfdddc8c5baf39315f8422a2c3cfd69c4d4c6ae,https://github.com/britecharts/britecharts/commit/dbfdddc8c5baf39315f8422a2c3cfd69c4d4c6ae
https://api.github.com/repos/bustle/mobiledoc-kit/commits/e7798031d7f36631b068164b494a1dcf236a4497,https://github.com/bustle/mobiledoc-kit/commit/e7798031d7f36631b068164b494a1dcf236a4497
https://api.github.com/repos/caolan/async/commits/bf67791e75d329a39f71f81e055091ad76088f81,https://github.com/caolan/async/commit/bf67791e75d329a39f71f81e055091ad76088f81
https://api.github.com/repos/carbon-design-system/carbon/commits/8ab436ea56d54c96be5492fffd640c4d20a6bc21,https://github.com/carbon-design-system/carbon/commit/8ab436ea56d54c96be5492fffd640c4d20a6bc21
https://api.github.com/repos/carboneio/carbone/commits/7c59fa6bd9e34db1c750b6855c171945bfdafaf5,https://github.com/carboneio/carbone/commit/7c59fa6bd9e34db1c750b6855c171945bfdafaf5
https://api.github.com/repos/carboneio/carbone/commits/b116ee1377ce46de64836b289b37f171a9012723,https://github.com/carboneio/carbone/commit/b116ee1377ce46de64836b289b37f171a9012723
https://api.github.com/repos/carhartl/jquery-cookie/commits/cd21803f2b253fe2520d9649e1185003e04006ee,https://github.com/carhartl/jquery-cookie/commit/cd21803f2b253fe2520d9649e1185003e04006ee
https://api.github.com/repos/ceejbot/fivebeans/commits/38ce9f66a88b8331be78b046874b759ea8d70ebc,https://github.com/ceejbot/fivebeans/commit/38ce9f66a88b8331be78b046874b759ea8d70ebc
https://api.github.com/repos/chill117/express-mysql-session/commits/138109e3e15ed44044048efaec3371b72526c426,https://github.com/chill117/express-mysql-session/commit/138109e3e15ed44044048efaec3371b72526c426
https://api.github.com/repos/chill117/express-mysql-session/commits/5d9d3f837e74f45fd96b8c7930bc379f953943d0,https://github.com/chill117/express-mysql-session/commit/5d9d3f837e74f45fd96b8c7930bc379f953943d0
https://api.github.com/repos/chill117/express-mysql-session/commits/66101dd33d1b39af23266c32226a5d84c10125be,https://github.com/chill117/express-mysql-session/commit/66101dd33d1b39af23266c32226a5d84c10125be
https://api.github.com/repos/chill117/express-mysql-session/commits/92a691797d96c4f18c3722e31afdee25b7831e78,https://github.com/chill117/express-mysql-session/commit/92a691797d96c4f18c3722e31afdee25b7831e78
https://api.github.com/repos/chill117/express-mysql-session/commits/e56b5b3a52ea09473c288cbe993c52e94d581db5,https://github.com/chill117/express-mysql-session/commit/e56b5b3a52ea09473c288cbe993c52e94d581db5
https://api.github.com/repos/chill117/express-mysql-session/commits/f7f4a3d0021a56ea0bb2caa7514c990d63fff639,https://github.com/chill117/express-mysql-session/commit/f7f4a3d0021a56ea0bb2caa7514c990d63fff639
https://api.github.com/repos/choojs/bankai/commits/d5598b1dcbfab520956dfcdeaf1b2e79fb15b4e8,https://github.com/choojs/bankai/commit/d5598b1dcbfab520956dfcdeaf1b2e79fb15b4e8
https://api.github.com/repos/ChrisWren/grunt-nodemon/commits/df46923abe40c9950a1cc43a831acc73ec3000d4,https://github.com/ChrisWren/grunt-nodemon/commit/df46923abe40c9950a1cc43a831acc73ec3000d4
https://api.github.com/repos/Clarifai/clarifai-javascript/commits/20e757b891304fb0739204c0583b2ce1af61fb53,https://github.com/Clarifai/clarifai-javascript/commit/20e757b891304fb0739204c0583b2ce1af61fb53
https://api.github.com/repos/cloudhead/node-static/commits/80668c03f9b3ea992b76cb5aa1c8a63ce6eb8dac,https://github.com/cloudhead/node-static/commit/80668c03f9b3ea992b76cb5aa1c8a63ce6eb8dac
https://api.github.com/repos/cloverfield-tools/cloverfield/commits/671749cbd031277a7dd05e37a4ca66909aef9f7c,https://github.com/cloverfield-tools/cloverfield/commit/671749cbd031277a7dd05e37a4ca66909aef9f7c
https://api.github.com/repos/CognizantStudio/react-loader/commits/a63b095c3e5d28111005b14d212f3a0faaa3e014,https://github.com/CognizantStudio/react-loader/commit/a63b095c3e5d28111005b14d212f3a0faaa3e014
https://api.github.com/repos/ConsenSys/Tokens/commits/aeea5f64718c6c8113f0f4e1e2c9abe329f03860,https://github.com/ConsenSys/Tokens/commit/aeea5f64718c6c8113f0f4e1e2c9abe329f03860
https://api.github.com/repos/coryhouse/react-slingshot/commits/a86d1c7d85c1fce160c9b6f9867cba68742b84b0,https://github.com/coryhouse/react-slingshot/commit/a86d1c7d85c1fce160c9b6f9867cba68742b84b0
https://api.github.com/repos/creationix/wheat/commits/48f637150deed629254cc666d6acef9a82734487,https://github.com/creationix/wheat/commit/48f637150deed629254cc666d6acef9a82734487
https://api.github.com/repos/d3/d3-array/commits/ebe6bb68f0e9906ce7955e4e4e6129d6bcfc2b74,https://github.com/d3/d3-array/commit/ebe6bb68f0e9906ce7955e4e4e6129d6bcfc2b74
https://api.github.com/repos/d3/d3-color/commits/57cf95b3e0c315ac441b7ca80efc8e2b6c295dcd,https://github.com/d3/d3-color/commit/57cf95b3e0c315ac441b7ca80efc8e2b6c295dcd
https://api.github.com/repos/d3/d3-color/commits/c6749b53510fd965c4eaae5a329b713aec1780b5,https://github.com/d3/d3-color/commit/c6749b53510fd965c4eaae5a329b713aec1780b5
https://api.github.com/repos/d3/d3-scale/commits/5210b74360c33c5083e625432e7db5a7fc293d7b,https://github.com/d3/d3-scale/commit/5210b74360c33c5083e625432e7db5a7fc293d7b
https://api.github.com/repos/dareid/chakram/commits/bf1035af14cb90de9ac4e83cc89e40e82fa2e194,https://github.com/dareid/chakram/commit/bf1035af14cb90de9ac4e83cc89e40e82fa2e194
https://api.github.com/repos/ded/script.js/commits/fe88c60d859760c87b51ce3db5515288743098a8,https://github.com/ded/script.js/commit/fe88c60d859760c87b51ce3db5515288743098a8
https://api.github.com/repos/developit/greenlet/commits/46e92aade7b9ceead17cd2ccbcd22811d587fadb,https://github.com/developit/greenlet/commit/46e92aade7b9ceead17cd2ccbcd22811d587fadb
https://api.github.com/repos/developit/greenlet/commits/92e451df0f928fdaeb7be2e678e59a32e6d3b85f,https://github.com/developit/greenlet/commit/92e451df0f928fdaeb7be2e678e59a32e6d3b85f
https://api.github.com/repos/DianaIonita/serverless-api-gateway-caching/commits/7351a210c27787536f36f18a894f654b985c21c1,https://github.com/DianaIonita/serverless-api-gateway-caching/commit/7351a210c27787536f36f18a894f654b985c21c1
https://api.github.com/repos/dleitee/strman/commits/1f7641779a3b2dfa758b3c83296ada07cad7edb9,https://github.com/dleitee/strman/commit/1f7641779a3b2dfa758b3c83296ada07cad7edb9
https://api.github.com/repos/docsbydoxdox/doxdox/commits/baa7716c0fd9ecc67e4ef2bdd5ffbdd72298637d,https://github.com/docsbydoxdox/doxdox/commit/baa7716c0fd9ecc67e4ef2bdd5ffbdd72298637d
https://api.github.com/repos/electrode-io/electrode-csrf-jwt/commits/4a5a2dfe7960fdceab34d66456358a92075eb777,https://github.com/electrode-io/electrode-csrf-jwt/commit/4a5a2dfe7960fdceab34d66456358a92075eb777
https://api.github.com/repos/enricomarino/is/commits/bfaa3042d5022c43425b3946f8f8d2f1a0565d46,https://github.com/enricomarino/is/commit/bfaa3042d5022c43425b3946f8f8d2f1a0565d46
https://api.github.com/repos/enricomarino/is/commits/d07ff656f3306bae763f881972ddd43cb2e6ce52,https://github.com/enricomarino/is/commit/d07ff656f3306bae763f881972ddd43cb2e6ce52
https://api.github.com/repos/enricostara/telegram.link/commits/27ecb2658a28b79ee5437f9a83719afb4457ab1c,https://github.com/enricostara/telegram.link/commit/27ecb2658a28b79ee5437f9a83719afb4457ab1c
https://api.github.com/repos/ericelliott/ogen/commits/c5092d1f963800cd2708dd0f00c2d70edface40f,https://github.com/ericelliott/ogen/commit/c5092d1f963800cd2708dd0f00c2d70edface40f
https://api.github.com/repos/ericelliott/rfx/commits/a3303288b88faa97cbda416ec8009118ed5705b1,https://github.com/ericelliott/rfx/commit/a3303288b88faa97cbda416ec8009118ed5705b1
https://api.github.com/repos/ericholiveira/studio/commits/079ef1edabbe9c87d2a83da9b6609f3ac0fa856e,https://github.com/ericholiveira/studio/commit/079ef1edabbe9c87d2a83da9b6609f3ac0fa856e
https://api.github.com/repos/eslint/espree/commits/9a4cff3626d50a88428ca1b66610a2bdedd774dd,https://github.com/eslint/espree/commit/9a4cff3626d50a88428ca1b66610a2bdedd774dd
https://api.github.com/repos/ether/etherpad-lite/commits/e4f011df760b2eb6cd1142a14a4dbd17c4eed2b6,https://github.com/ether/etherpad-lite/commit/e4f011df760b2eb6cd1142a14a4dbd17c4eed2b6
https://api.github.com/repos/expressjs/body-parser/commits/56a2b73c26b2238bc3050ad90af9ab9c62f4eb97,https://github.com/expressjs/body-parser/commit/56a2b73c26b2238bc3050ad90af9ab9c62f4eb97
https://api.github.com/repos/expressjs/body-parser/commits/57b1426c652a6b6d4a75430fd970b46a5ed190a5,https://github.com/expressjs/body-parser/commit/57b1426c652a6b6d4a75430fd970b46a5ed190a5
https://api.github.com/repos/expressjs/cookie-session/commits/6ccda01b19bff02b3bf3b6c50ff4ea07dacc3ffa,https://github.com/expressjs/cookie-session/commit/6ccda01b19bff02b3bf3b6c50ff4ea07dacc3ffa
https://api.github.com/repos/fantasyland/daggy/commits/069f5792f590cdc48f589823fbbcaab1c13eae24,https://github.com/fantasyland/daggy/commit/069f5792f590cdc48f589823fbbcaab1c13eae24
https://api.github.com/repos/fantasyland/daggy/commits/670c3f6571e0620f5e884e9353eb71295ea2d3dd,https://github.com/fantasyland/daggy/commit/670c3f6571e0620f5e884e9353eb71295ea2d3dd
https://api.github.com/repos/findmypast-oss/git-mob/commits/191a90ebbaeb7860d0824ae811e659f790beadd9,https://github.com/findmypast-oss/git-mob/commit/191a90ebbaeb7860d0824ae811e659f790beadd9
https://api.github.com/repos/findmypast-oss/git-mob/commits/5a37b55f5ff1d1ba12983736765d652924c99e4a,https://github.com/findmypast-oss/git-mob/commit/5a37b55f5ff1d1ba12983736765d652924c99e4a
https://api.github.com/repos/flatiron/prompt/commits/262ff2d7dc4fc57a9be37c715a912f95fafba69b,https://github.com/flatiron/prompt/commit/262ff2d7dc4fc57a9be37c715a912f95fafba69b
https://api.github.com/repos/florian/cookie.js/commits/cbbda347dd606f9799dda797a4ed751c2dc50c1b,https://github.com/florian/cookie.js/commit/cbbda347dd606f9799dda797a4ed751c2dc50c1b
https://api.github.com/repos/follow-redirects/follow-redirects/commits/591b53a3c216a8ab9126b7ac222e261d3f8917ca,https://github.com/follow-redirects/follow-redirects/commit/591b53a3c216a8ab9126b7ac222e261d3f8917ca
https://api.github.com/repos/formatjs/babel-plugin-react-intl/commits/429956ced713398467ef98b75111175172469a0b,https://github.com/formatjs/babel-plugin-react-intl/commit/429956ced713398467ef98b75111175172469a0b
https://api.github.com/repos/GianlucaGuarini/icaro/commits/a910a6a3137f9b6d4b262c4749bc784fb0f0d2a8,https://github.com/GianlucaGuarini/icaro/commit/a910a6a3137f9b6d4b262c4749bc784fb0f0d2a8
https://api.github.com/repos/github/fetch/commits/66065840c9500d89416bd99f9927a3c6574c05af,https://github.com/github/fetch/commit/66065840c9500d89416bd99f9927a3c6574c05af
https://api.github.com/repos/gitpoint/git-point/commits/9b54b8e1bed409d44737fc8e175922395d620742,https://github.com/gitpoint/git-point/commit/9b54b8e1bed409d44737fc8e175922395d620742
https://api.github.com/repos/glittershark/reactable/commits/2ac31a54a00db4a80a51934f01aa97d20fe4e404,https://github.com/glittershark/reactable/commit/2ac31a54a00db4a80a51934f01aa97d20fe4e404
https://api.github.com/repos/godmodelabs/flora-sql-parser/commits/f990bcbcffdee17c60d80390e3a69c0d73cf47fd,https://github.com/godmodelabs/flora-sql-parser/commit/f990bcbcffdee17c60d80390e3a69c0d73cf47fd
https://api.github.com/repos/goodybag/mongo-sql/commits/2976872d2905ffa1716242e33e645d2d848793c7,https://github.com/goodybag/mongo-sql/commit/2976872d2905ffa1716242e33e645d2d848793c7
https://api.github.com/repos/graypegg/chromatism/commits/4d0327af1337061e1a3973a4f4a01828baf0bd9e,https://github.com/graypegg/chromatism/commit/4d0327af1337061e1a3973a4f4a01828baf0bd9e
https://api.github.com/repos/greena13/react-hotkeys/commits/01cd3747e6949192e53250732c8bb721c5e69d73,https://github.com/greena13/react-hotkeys/commit/01cd3747e6949192e53250732c8bb721c5e69d73
https://api.github.com/repos/greena13/react-hotkeys/commits/fc8338814a345ee15003fdde426af1ff70cab386,https://github.com/greena13/react-hotkeys/commit/fc8338814a345ee15003fdde426af1ff70cab386
https://api.github.com/repos/grpc/grpc-web/commits/fa21417814b53e3b61f5076a5e5d6d84fa1a2d02,https://github.com/grpc/grpc-web/commit/fa21417814b53e3b61f5076a5e5d6d84fa1a2d02
https://api.github.com/repos/Grsmto/simplebar/commits/263f30c60f1f71ff512d54d0bb693dff41809fb9,https://github.com/Grsmto/simplebar/commit/263f30c60f1f71ff512d54d0bb693dff41809fb9
https://api.github.com/repos/gyzerok/adrenaline/commits/a7db118d2bfb73d05cce558cfea898623a23a6f3,https://github.com/gyzerok/adrenaline/commit/a7db118d2bfb73d05cce558cfea898623a23a6f3
https://api.github.com/repos/hapijs/glue/commits/aa30a14d90e46c40c037ffc20e28bfcdada7252b,https://github.com/hapijs/glue/commit/aa30a14d90e46c40c037ffc20e28bfcdada7252b
https://api.github.com/repos/hotwired/turbo-rails/commits/3e8e6a04b949d2e8d64e87354a45913835cf5b91,https://github.com/hotwired/turbo-rails/commit/3e8e6a04b949d2e8d64e87354a45913835cf5b91
https://api.github.com/repos/hotwired/turbo-rails/commits/63011bc97f7d93ba17e4913d783f8b37c5ba6ea4,https://github.com/hotwired/turbo-rails/commit/63011bc97f7d93ba17e4913d783f8b37c5ba6ea4
https://api.github.com/repos/htreu/OpenHAB-HomeKit-Bridge/commits/17b7ac90b1427e7a82f96c906e267c031413fa20,https://github.com/htreu/OpenHAB-HomeKit-Bridge/commit/17b7ac90b1427e7a82f96c906e267c031413fa20
https://api.github.com/repos/hughsk/flat/commits/1a0675173fd8381c3d2bc25c02af100959e15046,https://github.com/hughsk/flat/commit/1a0675173fd8381c3d2bc25c02af100959e15046
https://api.github.com/repos/humanwhocodes/computer-science-in-javascript/commits/92a85aff5ac5130c28c3979cc2c018d989847592,https://github.com/humanwhocodes/computer-science-in-javascript/commit/92a85aff5ac5130c28c3979cc2c018d989847592
https://api.github.com/repos/jasonmerino/react-native-simple-store/commits/8b1f4437ba6932f09b09b47677cfb67fedd4e2f3,https://github.com/jasonmerino/react-native-simple-store/commit/8b1f4437ba6932f09b09b47677cfb67fedd4e2f3
https://api.github.com/repos/jdeal/qim/commits/cf235343a4724e1f541e899aabae647ddde6c004,https://github.com/jdeal/qim/commit/cf235343a4724e1f541e899aabae647ddde6c004
https://api.github.com/repos/jgable/gulp-cache/commits/5d747e779a9cd4c778e13fabbea660923d0fd42e,https://github.com/jgable/gulp-cache/commit/5d747e779a9cd4c778e13fabbea660923d0fd42e
https://api.github.com/repos/jlmakes/rematrix/commits/422ce6a2e615a69bee5897857d51c6835512663e,https://github.com/jlmakes/rematrix/commit/422ce6a2e615a69bee5897857d51c6835512663e
https://api.github.com/repos/jlmakes/scrollreveal/commits/eec79d8be7178975a3b893dcbee36d1f91fc0ec8,https://github.com/jlmakes/scrollreveal/commit/eec79d8be7178975a3b893dcbee36d1f91fc0ec8
https://api.github.com/repos/jneen/pjs/commits/e7a848d5df93593c77a080d914911f49ee63f89b,https://github.com/jneen/pjs/commit/e7a848d5df93593c77a080d914911f49ee63f89b
https://api.github.com/repos/johno/immutable-css/commits/f61c273ed4fb7de1fee8f47082a04ab6d6b5ae23,https://github.com/johno/immutable-css/commit/f61c273ed4fb7de1fee8f47082a04ab6d6b5ae23
https://api.github.com/repos/jonbern/fetch-retry/commits/7c747023736776b5c0614ff3b0fd72f804c7f001,https://github.com/jonbern/fetch-retry/commit/7c747023736776b5c0614ff3b0fd72f804c7f001
https://api.github.com/repos/jonbern/fetch-retry/commits/eb1167ad4f1868086d225947aee0558bfa96e8e4,https://github.com/jonbern/fetch-retry/commit/eb1167ad4f1868086d225947aee0558bfa96e8e4
https://api.github.com/repos/joshburgess/redux-most/commits/034825346b67c19d5680ee12ee03805689e67dac,https://github.com/joshburgess/redux-most/commit/034825346b67c19d5680ee12ee03805689e67dac
https://api.github.com/repos/joshgeller/react-redux-jwt-auth-example/commits/37a46bfc0413568d0419a99828dad6ed96c6cbf6,https://github.com/joshgeller/react-redux-jwt-auth-example/commit/37a46bfc0413568d0419a99828dad6ed96c6cbf6
https://api.github.com/repos/joshgeller/react-redux-jwt-auth-example/commits/43f23a5a1ee6dd44f78ec1219b3473e9bb3e42f5,https://github.com/joshgeller/react-redux-jwt-auth-example/commit/43f23a5a1ee6dd44f78ec1219b3473e9bb3e42f5
https://api.github.com/repos/JPeer264/node-semantic-git-commit-cli/commits/9a374e3fc08f949e9ee88a2f5caf3ed81cc728d9,https://github.com/JPeer264/node-semantic-git-commit-cli/commit/9a374e3fc08f949e9ee88a2f5caf3ed81cc728d9
https://api.github.com/repos/jprichardson/string.js/commits/0bc4ceeddc08231e19b95bfd6fbb00e9397d1026,https://github.com/jprichardson/string.js/commit/0bc4ceeddc08231e19b95bfd6fbb00e9397d1026
https://api.github.com/repos/jquatier/eureka-js-client/commits/81221bee5b31587011a8caf1af3671f3d5080b46,https://github.com/jquatier/eureka-js-client/commit/81221bee5b31587011a8caf1af3671f3d5080b46
https://api.github.com/repos/JS-Challenges/recursion-prompts/commits/0080c4f29056b276c5bb893d385f0cf21746c5bd,https://github.com/JS-Challenges/recursion-prompts/commit/0080c4f29056b276c5bb893d385f0cf21746c5bd
https://api.github.com/repos/js-cookie/js-cookie/commits/3b9e495fd7072546535de1ae99164d6e7bf68b84,https://github.com/js-cookie/js-cookie/commit/3b9e495fd7072546535de1ae99164d6e7bf68b84
https://api.github.com/repos/jsdom/jsdom/commits/69f6bf689ba240c29c56f04b6e5d855f86e54a30,https://github.com/jsdom/jsdom/commit/69f6bf689ba240c29c56f04b6e5d855f86e54a30
https://api.github.com/repos/jshint/jshint/commits/d965038168d6deff2e4f3e82f1054f9373df7a3b,https://github.com/jshint/jshint/commit/d965038168d6deff2e4f3e82f1054f9373df7a3b
https://api.github.com/repos/jshttp/basic-auth/commits/7b143b733d2589b31011c402a878e5bdd642361d,https://github.com/jshttp/basic-auth/commit/7b143b733d2589b31011c402a878e5bdd642361d
https://api.github.com/repos/jshttp/on-finished/commits/34333a8b489f71f974e4710c1b03233af37b4379,https://github.com/jshttp/on-finished/commit/34333a8b489f71f974e4710c1b03233af37b4379
https://api.github.com/repos/jshttp/type-is/commits/025ac4b76775ab7a497f9e51fb2f055d406ce1c5,https://github.com/jshttp/type-is/commit/025ac4b76775ab7a497f9e51fb2f055d406ce1c5
https://api.github.com/repos/json-schema-faker/json-schema-faker/commits/5fbe4451e7449c9bbd6b63d2ee4c128f05377cde,https://github.com/json-schema-faker/json-schema-faker/commit/5fbe4451e7449c9bbd6b63d2ee4c128f05377cde
https://api.github.com/repos/jvalen/pixel-art-react/commits/543e8840d1c9a48725a371cab288eaf8b9aa2355,https://github.com/jvalen/pixel-art-react/commit/543e8840d1c9a48725a371cab288eaf8b9aa2355
https://api.github.com/repos/kentcdodds/cross-env/commits/5d932c930df1b7ec90f98a3e2e91562a765ee224,https://github.com/kentcdodds/cross-env/commit/5d932c930df1b7ec90f98a3e2e91562a765ee224
https://api.github.com/repos/kevinroast/phoria.js/commits/c528ed1c433547d6b345893a249e650a61870476,https://github.com/kevinroast/phoria.js/commit/c528ed1c433547d6b345893a249e650a61870476
https://api.github.com/repos/krakenjs/makara/commits/a5b39c9b4d8d093cb25cb5e114034943a39ba4a1,https://github.com/krakenjs/makara/commit/a5b39c9b4d8d093cb25cb5e114034943a39ba4a1
https://api.github.com/repos/krakenjs/zoid/commits/bb4144465d3f5ec667184b701986c1f2dc126971,https://github.com/krakenjs/zoid/commit/bb4144465d3f5ec667184b701986c1f2dc126971
https://api.github.com/repos/kriasoft/isomorphic-style-loader/commits/65c2d477ecc036bbd4fad6218a1b67d8fe1adfff,https://github.com/kriasoft/isomorphic-style-loader/commit/65c2d477ecc036bbd4fad6218a1b67d8fe1adfff
https://api.github.com/repos/kriasoft/isomorphic-style-loader/commits/d8fe7a2483693c46a8c0f997038b53f44e310ac5,https://github.com/kriasoft/isomorphic-style-loader/commit/d8fe7a2483693c46a8c0f997038b53f44e310ac5
https://api.github.com/repos/kshvmdn/nba.js/commits/bcca54325c3e309357415cc9ce277cd368093051,https://github.com/kshvmdn/nba.js/commit/bcca54325c3e309357415cc9ce277cd368093051
https://api.github.com/repos/kylealwyn/node-rest-api-boilerplate/commits/b4b89538689f3b123fe1e354026fc3470c66acca,https://github.com/kylealwyn/node-rest-api-boilerplate/commit/b4b89538689f3b123fe1e354026fc3470c66acca
https://api.github.com/repos/kylestetz/CLNDR/commits/d4e84f1b6746b63a16f5811e79a9e720bd088bd8,https://github.com/kylestetz/CLNDR/commit/d4e84f1b6746b63a16f5811e79a9e720bd088bd8
https://api.github.com/repos/lazywithclass/winston-cloudwatch/commits/5a7daf789ad629ec081b58e49572c902b3e4ac27,https://github.com/lazywithclass/winston-cloudwatch/commit/5a7daf789ad629ec081b58e49572c902b3e4ac27
https://api.github.com/repos/leapmotion/leapjs/commits/263096b930a0df7cfac006fa0574b18ae171b03f,https://github.com/leapmotion/leapjs/commit/263096b930a0df7cfac006fa0574b18ae171b03f
https://api.github.com/repos/lebab/lebab/commits/312e592eb709e71f8dc25f502a8e8abc6e5a63f3,https://github.com/lebab/lebab/commit/312e592eb709e71f8dc25f502a8e8abc6e5a63f3
https://api.github.com/repos/lettertwo/appcache-webpack-plugin/commits/2ec9b16fadd167351fa99af56b1dca5f320ee0a4,https://github.com/lettertwo/appcache-webpack-plugin/commit/2ec9b16fadd167351fa99af56b1dca5f320ee0a4
https://api.github.com/repos/lettertwo/appcache-webpack-plugin/commits/b1cd16b0002946af849b8e7d1580d15cca08948b,https://github.com/lettertwo/appcache-webpack-plugin/commit/b1cd16b0002946af849b8e7d1580d15cca08948b
https://api.github.com/repos/Level/abstract-leveldown/commits/25317143f3e016b1f93050618e044e032b4e16ed,https://github.com/Level/abstract-leveldown/commit/25317143f3e016b1f93050618e044e032b4e16ed
https://api.github.com/repos/lodash/lodash-webpack-plugin/commits/0850698ac127a80a1576a8894dd2c6cd3d0e42a1,https://github.com/lodash/lodash-webpack-plugin/commit/0850698ac127a80a1576a8894dd2c6cd3d0e42a1
https://api.github.com/repos/loopbackio/loopback-connector-postgresql/commits/2706edd32a3d7a92d7ed9e24f8be34fa55c53d46,https://github.com/loopbackio/loopback-connector-postgresql/commit/2706edd32a3d7a92d7ed9e24f8be34fa55c53d46
https://api.github.com/repos/lovell/sharp/commits/af66a7322546fe09fe9731d5a9d902f4b3ffcaa3,https://github.com/lovell/sharp/commit/af66a7322546fe09fe9731d5a9d902f4b3ffcaa3
https://api.github.com/repos/madewithlove/music-fns/commits/514b1527212b4d067c966c75c7ecfc47fd154318,https://github.com/madewithlove/music-fns/commit/514b1527212b4d067c966c75c7ecfc47fd154318
https://api.github.com/repos/madewithlove/music-fns/commits/87a690b99e9a718021d63e740d09e1a9fe8bb443,https://github.com/madewithlove/music-fns/commit/87a690b99e9a718021d63e740d09e1a9fe8bb443
https://api.github.com/repos/madewithlove/music-fns/commits/d8fafb7032fa5a27e683719afc58f90871698b53,https://github.com/madewithlove/music-fns/commit/d8fafb7032fa5a27e683719afc58f90871698b53
https://api.github.com/repos/maoberlehner/perfundo/commits/e6da3cb11f45a92da1007969836d530ee5706212,https://github.com/maoberlehner/perfundo/commit/e6da3cb11f45a92da1007969836d530ee5706212
https://api.github.com/repos/mathiasbynens/he/commits/24377e2e0069df326027d19a069931a452015d34,https://github.com/mathiasbynens/he/commit/24377e2e0069df326027d19a069931a452015d34
https://api.github.com/repos/mathiasbynens/luamin/commits/a4e935bae804f0958a2157f91fbe819632c261fa,https://github.com/mathiasbynens/luamin/commit/a4e935bae804f0958a2157f91fbe819632c261fa
https://api.github.com/repos/maximkoretskiy/postcss-autoreset/commits/e0521eab67dc45581bc7da5af35b4c2676a8a499,https://github.com/maximkoretskiy/postcss-autoreset/commit/e0521eab67dc45581bc7da5af35b4c2676a8a499
https://api.github.com/repos/mholt/PapaParse/commits/e5aeed6cbdd767d1afe1e7837029f0e1c9c790b1,https://github.com/mholt/PapaParse/commit/e5aeed6cbdd767d1afe1e7837029f0e1c9c790b1
https://api.github.com/repos/mickhansen/dataloader-sequelize/commits/6ccef8254adbcea7956c53579109abdb13edfff3,https://github.com/mickhansen/dataloader-sequelize/commit/6ccef8254adbcea7956c53579109abdb13edfff3
https://api.github.com/repos/mickhansen/graphql-sequelize/commits/b92521c1aa002e0a82b5101b46b3d0d90af0e404,https://github.com/mickhansen/graphql-sequelize/commit/b92521c1aa002e0a82b5101b46b3d0d90af0e404
https://api.github.com/repos/Mostafa-Samir/klyng/commits/2122c02f2af1a6728fa26f881db0be7b49de9d6e,https://github.com/Mostafa-Samir/klyng/commit/2122c02f2af1a6728fa26f881db0be7b49de9d6e
https://api.github.com/repos/Mostafa-Samir/klyng/commits/828a5efb157f9240d51515367f0e4e67cdc78804,https://github.com/Mostafa-Samir/klyng/commit/828a5efb157f9240d51515367f0e4e67cdc78804
https://api.github.com/repos/mozilla/oghliner/commits/8503a7f4f0dd612a147ed0121ff2f0c17cdc46c8,https://github.com/mozilla/oghliner/commit/8503a7f4f0dd612a147ed0121ff2f0c17cdc46c8
https://api.github.com/repos/mozilla/oghliner/commits/a3c40b57520956ee7577b63979f53a93415289da,https://github.com/mozilla/oghliner/commit/a3c40b57520956ee7577b63979f53a93415289da
https://api.github.com/repos/mpashkovskiy/express-oas-generator/commits/a97573448829060e63fbac9d03ef323bbc5ad255,https://github.com/mpashkovskiy/express-oas-generator/commit/a97573448829060e63fbac9d03ef323bbc5ad255
https://api.github.com/repos/nathanboktae/mocha-phantomjs/commits/a2272b29d775b540b54123f312ee04473982832a,https://github.com/nathanboktae/mocha-phantomjs/commit/a2272b29d775b540b54123f312ee04473982832a
https://api.github.com/repos/nbluis/static-server/commits/d0f6c988715cda03a58b37fc58421f82f0680f4b,https://github.com/nbluis/static-server/commit/d0f6c988715cda03a58b37fc58421f82f0680f4b
https://api.github.com/repos/ncb000gt/node-es/commits/0eae1e46e1652c00f7548605409f8a5eb58d9650,https://github.com/ncb000gt/node-es/commit/0eae1e46e1652c00f7548605409f8a5eb58d9650
https://api.github.com/repos/nelsonic/github-scraper/commits/2a52c4a069426248e2e24637bd9ca45f097a0945,https://github.com/nelsonic/github-scraper/commit/2a52c4a069426248e2e24637bd9ca45f097a0945
https://api.github.com/repos/nodeca/argparse/commits/09034680750e1ac45a549ce598472650cf97727e,https://github.com/nodeca/argparse/commit/09034680750e1ac45a549ce598472650cf97727e
https://api.github.com/repos/nodeca/argparse/commits/659613599a0043d10b6c5853579a551e99148d69,https://github.com/nodeca/argparse/commit/659613599a0043d10b6c5853579a551e99148d69
https://api.github.com/repos/nodeca/argparse/commits/8a7743efabddd5e58ddb37c4083c79f3604a1770,https://github.com/nodeca/argparse/commit/8a7743efabddd5e58ddb37c4083c79f3604a1770
https://api.github.com/repos/nodeca/argparse/commits/e2285d7cb4337a1629e647ad9526641f321c5b81,https://github.com/nodeca/argparse/commit/e2285d7cb4337a1629e647ad9526641f321c5b81
https://api.github.com/repos/nodejs/node-core-utils/commits/f2f77dd64cd0ad144aaf4e93d93fe0d380e83a84,https://github.com/nodejs/node-core-utils/commit/f2f77dd64cd0ad144aaf4e93d93fe0d380e83a84
https://api.github.com/repos/nullobject/fkit/commits/94098269c0132ce68d7a139572188c5cd53af042,https://github.com/nullobject/fkit/commit/94098269c0132ce68d7a139572188c5cd53af042
https://api.github.com/repos/omichelsen/angular-clipboard/commits/ed671e56ecafb3b9ba5d3834580d5bb12be54470,https://github.com/omichelsen/angular-clipboard/commit/ed671e56ecafb3b9ba5d3834580d5bb12be54470
https://api.github.com/repos/OpenZeppelin/openzeppelin-contracts/commits/15b92e409746f7887f7df4bb55d2c3f6ba726b40,https://github.com/OpenZeppelin/openzeppelin-contracts/commit/15b92e409746f7887f7df4bb55d2c3f6ba726b40
https://api.github.com/repos/oracle/node-oracledb/commits/669e38e7834c7e8024dd739b53ec6554eae1a2ff,https://github.com/oracle/node-oracledb/commit/669e38e7834c7e8024dd739b53ec6554eae1a2ff
https://api.github.com/repos/oracle/node-oracledb/commits/8c56eca6995a15dc7fdce3da6b7414aef7d675fa,https://github.com/oracle/node-oracledb/commit/8c56eca6995a15dc7fdce3da6b7414aef7d675fa
https://api.github.com/repos/otalk/getUserMedia/commits/dfcaa0ef6629d75483a053f57ad454627953d6bf,https://github.com/otalk/getUserMedia/commit/dfcaa0ef6629d75483a053f57ad454627953d6bf
https://api.github.com/repos/paldepind/flyd/commits/65f2fb90c6af627a75ec7d1bc893fb1e708c28d6,https://github.com/paldepind/flyd/commit/65f2fb90c6af627a75ec7d1bc893fb1e708c28d6
https://api.github.com/repos/parse-community/parse-server/commits/7f47b0427ea56214d9b0199f0fcfa4af38794e02,https://github.com/parse-community/parse-server/commit/7f47b0427ea56214d9b0199f0fcfa4af38794e02
https://api.github.com/repos/parse-community/parse-server/commits/b59517fd68a56885c9ab73525526e42ff4003333,https://github.com/parse-community/parse-server/commit/b59517fd68a56885c9ab73525526e42ff4003333
https://api.github.com/repos/paypal/react-engine/commits/ba86f3519b10e6f152eeda21f473ac59243e344f,https://github.com/paypal/react-engine/commit/ba86f3519b10e6f152eeda21f473ac59243e344f
https://api.github.com/repos/philbooth/vagueTime.js/commits/faddf1fd2d9854dc093da0cde0f2f4bb22b9c0ae,https://github.com/philbooth/vagueTime.js/commit/faddf1fd2d9854dc093da0cde0f2f4bb22b9c0ae
https://api.github.com/repos/pid/speakingurl/commits/8a7397473a5451a50d868924bd2ef67b5df02f6a,https://github.com/pid/speakingurl/commit/8a7397473a5451a50d868924bd2ef67b5df02f6a
https://api.github.com/repos/pillarjs/finalhandler/commits/f2234b3b7f3ff2e407b1e5acdaba4c050f75e521,https://github.com/pillarjs/finalhandler/commit/f2234b3b7f3ff2e407b1e5acdaba4c050f75e521
https://api.github.com/repos/pinojs/pino-http/commits/626eede60281e460e77968836293d671d709f19a,https://github.com/pinojs/pino-http/commit/626eede60281e460e77968836293d671d709f19a
https://api.github.com/repos/plexis-js/plexis/commits/753beaac17ee2f6bc1c9a7c21b6495e01bb19f70,https://github.com/plexis-js/plexis/commit/753beaac17ee2f6bc1c9a7c21b6495e01bb19f70
https://api.github.com/repos/pnpm/benchmarks-of-javascript-package-managers/commits/99c73ed9f8fcf99861847f410a79fa020114eebd,https://github.com/pnpm/benchmarks-of-javascript-package-managers/commit/99c73ed9f8fcf99861847f410a79fa020114eebd
https://api.github.com/repos/postlight/mercury-parser/commits/e12c91649958068c4f1f4456033e88a79d185260,https://github.com/postlight/mercury-parser/commit/e12c91649958068c4f1f4456033e88a79d185260
https://api.github.com/repos/prescottprue/react-redux-firebase/commits/1782f927146b81683d183f4ca1bd2501037114a1,https://github.com/prescottprue/react-redux-firebase/commit/1782f927146b81683d183f4ca1bd2501037114a1
https://api.github.com/repos/probot/stale/commits/0c041459d489f9b67a5a346b828ee1a2c05de42a,https://github.com/probot/stale/commit/0c041459d489f9b67a5a346b828ee1a2c05de42a
https://api.github.com/repos/probot/stale/commits/ff31e9cece03ae6cb71a3c2ec423e6962c454d3c,https://github.com/probot/stale/commit/ff31e9cece03ae6cb71a3c2ec423e6962c454d3c
https://api.github.com/repos/ptx2/gymnasticon/commits/47e254620ace824288b851036e9c4996807f9124,https://github.com/ptx2/gymnasticon/commit/47e254620ace824288b851036e9c4996807f9124
https://api.github.com/repos/ramda/ramda-fantasy/commits/8675e8086afada93390df0957a1e73a004e878d2,https://github.com/ramda/ramda-fantasy/commit/8675e8086afada93390df0957a1e73a004e878d2
https://api.github.com/repos/reactjs/react-autocomplete/commits/af1f60e1afb65da10ef1fc0c874bfee86898e4aa,https://github.com/reactjs/react-autocomplete/commit/af1f60e1afb65da10ef1fc0c874bfee86898e4aa
https://api.github.com/repos/redux-json-api/redux-json-api/commits/302835b88ae6c6d733e68299ecfd31ced4354c7f,https://github.com/redux-json-api/redux-json-api/commit/302835b88ae6c6d733e68299ecfd31ced4354c7f
https://api.github.com/repos/redux-json-api/redux-json-api/commits/38fa007a7f80da991f9accd387261fbf4b1bb370,https://github.com/redux-json-api/redux-json-api/commit/38fa007a7f80da991f9accd387261fbf4b1bb370
https://api.github.com/repos/redux-json-api/redux-json-api/commits/3d645a40c8b7d3bfe6e8b44b58186b5e9f4f110f,https://github.com/redux-json-api/redux-json-api/commit/3d645a40c8b7d3bfe6e8b44b58186b5e9f4f110f
https://api.github.com/repos/redux-json-api/redux-json-api/commits/70ef03147230f26f6d82331431666bcb7facbe58,https://github.com/redux-json-api/redux-json-api/commit/70ef03147230f26f6d82331431666bcb7facbe58
https://api.github.com/repos/redux-json-api/redux-json-api/commits/7caa7417c248e398a2cd28d61be8f898ffbba0fc,https://github.com/redux-json-api/redux-json-api/commit/7caa7417c248e398a2cd28d61be8f898ffbba0fc
https://api.github.com/repos/redux-json-api/redux-json-api/commits/d5d805dcc740b2f19c6c70a287ff72e362545132,https://github.com/redux-json-api/redux-json-api/commit/d5d805dcc740b2f19c6c70a287ff72e362545132
https://api.github.com/repos/redux-json-api/redux-json-api/commits/e47f0d92a0a1662c64baa9c950459d89ad53540d,https://github.com/redux-json-api/redux-json-api/commit/e47f0d92a0a1662c64baa9c950459d89ad53540d
https://api.github.com/repos/redux-json-api/redux-json-api/commits/fd6dd6cdcdb7a9f7a892632fa095e4bf63c73af0,https://github.com/redux-json-api/redux-json-api/commit/fd6dd6cdcdb7a9f7a892632fa095e4bf63c73af0
https://api.github.com/repos/rhwilr/adonis-bumblebee/commits/3b88e0ce43c15e172cbf28b9debd2971303e77cf,https://github.com/rhwilr/adonis-bumblebee/commit/3b88e0ce43c15e172cbf28b9debd2971303e77cf
https://api.github.com/repos/rmurphey/js-assessment/commits/26ce06b000abf85c7467cb613be49c99557630b7,https://github.com/rmurphey/js-assessment/commit/26ce06b000abf85c7467cb613be49c99557630b7
https://api.github.com/repos/rmurphey/js-assessment/commits/26df5d6d11142cae1a9a8da4447f62a0cf686f7f,https://github.com/rmurphey/js-assessment/commit/26df5d6d11142cae1a9a8da4447f62a0cf686f7f
https://api.github.com/repos/rmurphey/js-assessment/commits/758888ac570e1bb68424c64bd907f6bfb6018397,https://github.com/rmurphey/js-assessment/commit/758888ac570e1bb68424c64bd907f6bfb6018397
https://api.github.com/repos/rmurphey/js-assessment/commits/9ea56fbda5bdd224a8c2cd10b2eb1d79e36f2a08,https://github.com/rmurphey/js-assessment/commit/9ea56fbda5bdd224a8c2cd10b2eb1d79e36f2a08
https://api.github.com/repos/rmurphey/js-assessment/commits/fd80b0e4313d280059bed0351b44977a827fa6e5,https://github.com/rmurphey/js-assessment/commit/fd80b0e4313d280059bed0351b44977a827fa6e5
https://api.github.com/repos/rodrigogs/kairos/commits/c495915ac2fd03efd5eb24ef8a75e971a6bbadb5,https://github.com/rodrigogs/kairos/commit/c495915ac2fd03efd5eb24ef8a75e971a6bbadb5
https://api.github.com/repos/rubenv/angular-gettext/commits/df0bdee39795cfb24f43687fc6c5086d9718a4f0,https://github.com/rubenv/angular-gettext/commit/df0bdee39795cfb24f43687fc6c5086d9718a4f0
https://api.github.com/repos/ruyadorno/ntl/commits/6b74b2e3c6feed4e9a58e4574a11c53bf7b7099e,https://github.com/ruyadorno/ntl/commit/6b74b2e3c6feed4e9a58e4574a11c53bf7b7099e
https://api.github.com/repos/saguijs/sagui/commits/fc75e2db2a25e05e1d40b80833107f04cdc72398,https://github.com/saguijs/sagui/commit/fc75e2db2a25e05e1d40b80833107f04cdc72398
https://api.github.com/repos/sarbbottam/eslint-find-rules/commits/7593487735060485b9c58d2547ac8827d66c5937,https://github.com/sarbbottam/eslint-find-rules/commit/7593487735060485b9c58d2547ac8827d66c5937
https://api.github.com/repos/serby/save/commits/37582e533aaa7351e892e074790430fdd0e08537,https://github.com/serby/save/commit/37582e533aaa7351e892e074790430fdd0e08537
https://api.github.com/repos/serverless/serverless/commits/612f668c931013bea21b91f47d9cbfd1c7dbb888,https://github.com/serverless/serverless/commit/612f668c931013bea21b91f47d9cbfd1c7dbb888
https://api.github.com/repos/SimoTod/alpine-turbo-drive-adapter/commits/d4ee7d3dea5d3f82dc4ec74f78aa2d49dd337623,https://github.com/SimoTod/alpine-turbo-drive-adapter/commit/d4ee7d3dea5d3f82dc4ec74f78aa2d49dd337623
https://api.github.com/repos/sindresorhus/execa/commits/7e4d44ce8f9d22e200e4f880e912c714b482842e,https://github.com/sindresorhus/execa/commit/7e4d44ce8f9d22e200e4f880e912c714b482842e
https://api.github.com/repos/sindresorhus/strip-json-comments/commits/3247aafe69dd75e2386712b5503a42766427aad9,https://github.com/sindresorhus/strip-json-comments/commit/3247aafe69dd75e2386712b5503a42766427aad9
https://api.github.com/repos/sinonjs/sinon/commits/ae5c6eb2d978db3521c3baa5970c10de3ea9fd95,https://github.com/sinonjs/sinon/commit/ae5c6eb2d978db3521c3baa5970c10de3ea9fd95
https://api.github.com/repos/sliptree/bootstrap-tokenfield/commits/b634cd9c207b58ed2041ccb2113af222e8a04085,https://github.com/sliptree/bootstrap-tokenfield/commit/b634cd9c207b58ed2041ccb2113af222e8a04085
https://api.github.com/repos/spatie/form-backend-validation/commits/e71c0536688a7b5f17b09b658c8625351cd2c8ec,https://github.com/spatie/form-backend-validation/commit/e71c0536688a7b5f17b09b658c8625351cd2c8ec
https://api.github.com/repos/sqlpad/sqlpad/commits/4668246a3f93856b142bc991c96669d6e6fb9700,https://github.com/sqlpad/sqlpad/commit/4668246a3f93856b142bc991c96669d6e6fb9700
https://api.github.com/repos/standard-things/esm/commits/52615b5256fd11d666cbfa12afda13fdcff1a746,https://github.com/standard-things/esm/commit/52615b5256fd11d666cbfa12afda13fdcff1a746
https://api.github.com/repos/staugaard/ember-resource/commits/9620a8601b0b086f25caba760982d7f4cbc232b6,https://github.com/staugaard/ember-resource/commit/9620a8601b0b086f25caba760982d7f4cbc232b6
https://api.github.com/repos/storesafe/cordova-sqlite-storage/commits/af805c96a8d9bee3a0a9e285e850a97dbeee57c6,https://github.com/storesafe/cordova-sqlite-storage/commit/af805c96a8d9bee3a0a9e285e850a97dbeee57c6
https://api.github.com/repos/substack/js-traverse/commits/1d043f09e6eb6ecf8456295efdbe4e7298f7c3c8,https://github.com/substack/js-traverse/commit/1d043f09e6eb6ecf8456295efdbe4e7298f7c3c8
https://api.github.com/repos/Swaagie/minimize/commits/30c53d074156f88ee6e65ccad524bdb510527acc,https://github.com/Swaagie/minimize/commit/30c53d074156f88ee6e65ccad524bdb510527acc
https://api.github.com/repos/TalAter/SpeechKITT/commits/056d12cb6ef5e014d60d415fabf78d82983c08d6,https://github.com/TalAter/SpeechKITT/commit/056d12cb6ef5e014d60d415fabf78d82983c08d6
https://api.github.com/repos/testing-library/jest-dom/commits/92176e1ae018a9c4077e25cfefd3907ab8b61c85,https://github.com/testing-library/jest-dom/commit/92176e1ae018a9c4077e25cfefd3907ab8b61c85
https://api.github.com/repos/timdp/es6-promise-pool/commits/49e0b34ff701bbd1379fa471d54cd82eead4644a,https://github.com/timdp/es6-promise-pool/commit/49e0b34ff701bbd1379fa471d54cd82eead4644a
https://api.github.com/repos/tj/commander.js/commits/5076dda8500cbeef5b2e82c1546ac874364c581b,https://github.com/tj/commander.js/commit/5076dda8500cbeef5b2e82c1546ac874364c581b
https://api.github.com/repos/TryGhost/gatsby-source-ghost/commits/8118825008ff4effb4f151ab6473b670c6d32225,https://github.com/TryGhost/gatsby-source-ghost/commit/8118825008ff4effb4f151ab6473b670c6d32225
https://api.github.com/repos/twitter/hogan.js/commits/956666a6702a6f9ba184e44a2198281c90dd6173,https://github.com/twitter/hogan.js/commit/956666a6702a6f9ba184e44a2198281c90dd6173
https://api.github.com/repos/vandium-io/lambda-tester/commits/4436b60b845ba55c30fa16150569bf1b7ae6fc8a,https://github.com/vandium-io/lambda-tester/commit/4436b60b845ba55c30fa16150569bf1b7ae6fc8a
https://api.github.com/repos/vandium-io/lambda-tester/commits/a49d438404eec60ea747034d0619f8a2a10beeff,https://github.com/vandium-io/lambda-tester/commit/a49d438404eec60ea747034d0619f8a2a10beeff
https://api.github.com/repos/vfile/vfile/commits/3d49cd79404a667f6e835c80a934c7eb61d0d0d1,https://github.com/vfile/vfile/commit/3d49cd79404a667f6e835c80a934c7eb61d0d0d1
https://api.github.com/repos/visionmedia/superagent/commits/cc346383e27353e47def8093a1034d12e13e6492,https://github.com/visionmedia/superagent/commit/cc346383e27353e47def8093a1034d12e13e6492
https://api.github.com/repos/vowsjs/api-easy/commits/efeef39753f08ba4c11fcac374a6ea6d47cce943,https://github.com/vowsjs/api-easy/commit/efeef39753f08ba4c11fcac374a6ea6d47cce943
https://api.github.com/repos/vpulim/node-soap/commits/7f5cf4c19012f859b61fb2c927fe01e0686e16f3,https://github.com/vpulim/node-soap/commit/7f5cf4c19012f859b61fb2c927fe01e0686e16f3
https://api.github.com/repos/vuejs/vuex/commits/16fbb36f01043ce33615d272951076fabc5d6185,https://github.com/vuejs/vuex/commit/16fbb36f01043ce33615d272951076fabc5d6185
https://api.github.com/repos/vuejs/vuex/commits/506cea2aa6c68086bbf5f678e955f17a75a12849,https://github.com/vuejs/vuex/commit/506cea2aa6c68086bbf5f678e955f17a75a12849
https://api.github.com/repos/waldemarnt/testable-nodejs-api/commits/f365786e4aacea58963cfcef90e04a02e124b738,https://github.com/waldemarnt/testable-nodejs-api/commit/f365786e4aacea58963cfcef90e04a02e124b738
https://api.github.com/repos/waldemarnt/testable-nodejs-api/commits/f95e4efb29ea66f8553a0445fa31d07e61095c6f,https://github.com/waldemarnt/testable-nodejs-api/commit/f95e4efb29ea66f8553a0445fa31d07e61095c6f
https://api.github.com/repos/webcomponents/react-integration/commits/43c99ad62339a7e5c88e71235170c817d4a321ea,https://github.com/webcomponents/react-integration/commit/43c99ad62339a7e5c88e71235170c817d4a321ea
https://api.github.com/repos/webpack-contrib/sass-loader/commits/65fb67e8b3c356938cdd0ac74aeb46d19d2e1eff,https://github.com/webpack-contrib/sass-loader/commit/65fb67e8b3c356938cdd0ac74aeb46d19d2e1eff
https://api.github.com/repos/webpack-contrib/sass-loader/commits/8c6fa3c17d129f796059dad7650572c7d1c3bc5b,https://github.com/webpack-contrib/sass-loader/commit/8c6fa3c17d129f796059dad7650572c7d1c3bc5b
https://api.github.com/repos/webpack-contrib/webpack-bundle-analyzer/commits/55b83efb5619122945c9b030976a968a3b1a382e,https://github.com/webpack-contrib/webpack-bundle-analyzer/commit/55b83efb5619122945c9b030976a968a3b1a382e
https://api.github.com/repos/yeoman/generator-angular/commits/e994d86e276eeb4963433da0865d4eb06e38eab3,https://github.com/yeoman/generator-angular/commit/e994d86e276eeb4963433da0865d4eb06e38eab3
